X, Y, Z
-1.000000000000000000e+01,-10,-8.300077056884765625e+01
-1.000000000000000000e+01,-9.5,-81.2709121704101
-1.000000000000000000e+01,-9,-75.8494186401367
-1.000000000000000000e+01,-8.5,-59.8974914550781
-1.000000000000000000e+01,-8,-24.2978916168213
-1.000000000000000000e+01,-7.5,22.1730079650879
-1.000000000000000000e+01,-7,56.7017021179199
-1.000000000000000000e+01,-6.5,77.299934387207
-1.000000000000000000e+01,-6,88.3373031616211
-1.000000000000000000e+01,-5.5,93.9712219238281
-1.000000000000000000e+01,-5,98.9948196411133
-1.000000000000000000e+01,-4.5,105.883605957031
-1.000000000000000000e+01,-4,114.374534606934
-1.000000000000000000e+01,-3.5,124.022476196289
-1.000000000000000000e+01,-3,135.661727905273
-1.000000000000000000e+01,-2.5,148.170959472656
-1.000000000000000000e+01,-2,161.491989135742
-1.000000000000000000e+01,-1.5,174.889297485352
-1.000000000000000000e+01,-1,181.085403442383
-1.000000000000000000e+01,-0.5,182.849639892578
-1.000000000000000000e+01,0,183.461685180664
-1.000000000000000000e+01,0.5,183.787719726562
-1.000000000000000000e+01,1,184.002563476562
-1.000000000000000000e+01,1.5,184.082977294922
-1.000000000000000000e+01,2,183.72021484375
-1.000000000000000000e+01,2.5,181.572265625
-1.000000000000000000e+01,3,174.105346679687
-1.000000000000000000e+01,3.5,160.452850341797
-1.000000000000000000e+01,4,145.576293945312
-1.000000000000000000e+01,4.5,134.457809448242
-1.000000000000000000e+01,5,128.786041259766
-1.000000000000000000e+01,5.5,126.215278625488
-1.000000000000000000e+01,6,124.566856384277
-1.000000000000000000e+01,6.5,121.209503173828
-1.000000000000000000e+01,7,111.294532775879
-1.000000000000000000e+01,7.5,92.0796356201172
-1.000000000000000000e+01,8,70.275863647461
-1.000000000000000000e+01,8.5,48.6833343505859
-1.000000000000000000e+01,9,31.6802177429199
-1.000000000000000000e+01,9.5,22.7474193572998
-1.000000000000000000e+01,10,17.1846885681152
-1.000000000000000000e+01,-10,-90.8560485839843
-9.500000000000000000e+00,-9.5,-89.1849212646484
-9.500000000000000000e+00,-9,-83.9846801757812
-9.500000000000000000e+00,-8.5,-68.6144256591797
-9.500000000000000000e+00,-8,-33.770149230957
-9.500000000000000000e+00,-7.5,13.0556869506836
-9.500000000000000000e+00,-7,48.9427719116211
-9.500000000000000000e+00,-6.5,70.1618728637695
-9.500000000000000000e+00,-6,80.9445953369141
-9.500000000000000000e+00,-5.5,86.3683166503906
-9.500000000000000000e+00,-5,91.3815078735352
-9.500000000000000000e+00,-4.5,98.3559951782226
-9.500000000000000000e+00,-4,106.994888305664
-9.500000000000000000e+00,-3.5,116.924430847168
-9.500000000000000000e+00,-3,128.824279785156
-9.500000000000000000e+00,-2.5,141.279693603516
-9.500000000000000000e+00,-2,154.497634887695
-9.500000000000000000e+00,-1.5,167.501190185547
-9.500000000000000000e+00,-1,173.257400512695
-9.500000000000000000e+00,-0.5,174.854614257812
-9.500000000000000000e+00,0,175.391998291016
-9.500000000000000000e+00,0.5,175.663726806641
-9.500000000000000000e+00,1,175.826736450195
-9.500000000000000000e+00,1.5,175.849548339844
-9.500000000000000000e+00,2,175.405975341797
-9.500000000000000000e+00,2.5,173.105499267578
-9.500000000000000000e+00,3,165.491653442383
-9.500000000000000000e+00,3.5,152.342163085938
-9.500000000000000000e+00,4,137.904876708984
-9.500000000000000000e+00,4.5,126.074729919434
-9.500000000000000000e+00,5,119.97932434082
-9.500000000000000000e+00,5.5,117.336814880371
-9.500000000000000000e+00,6,115.553428649902
-9.500000000000000000e+00,6.5,111.675468444824
-9.500000000000000000e+00,7,100.413627624512
-9.500000000000000000e+00,7.5,80.016242980957
-9.500000000000000000e+00,8,58.5802879333496
-9.500000000000000000e+00,8.5,37.3887367248535
-9.500000000000000000e+00,9,21.1080589294434
-9.500000000000000000e+00,9.5,12.5664596557617
-9.500000000000000000e+00,10,6.83695220947266
-9.500000000000000000e+00,-10,-101.29759979248
-9.000000000000000000e+00,-9.5,-99.6554718017578
-9.000000000000000000e+00,-9,-94.6186752319336
-9.000000000000000000e+00,-8.5,-79.7336578369141
-9.000000000000000000e+00,-8,-45.6568717956543
-9.000000000000000000e+00,-7.5,1.32126069068909
-9.000000000000000000e+00,-7,38.5386505126953
-9.000000000000000000e+00,-6.5,60.375358581543
-9.000000000000000000e+00,-6,70.9428253173828
-9.000000000000000000e+00,-5.5,76.2040634155273
-9.000000000000000000e+00,-5,81.2279968261719
-9.000000000000000000e+00,-4.5,88.2980651855469
-9.000000000000000000e+00,-4,97.0973434448242
-9.000000000000000000e+00,-3.5,107.317726135254
-9.000000000000000000e+00,-3,119.447563171387
-9.000000000000000000e+00,-2.5,131.805328369141
-9.000000000000000000e+00,-2,144.910522460938
-9.000000000000000000e+00,-1.5,157.500030517578
-9.000000000000000000e+00,-1,162.828765869141
-9.000000000000000000e+00,-0.5,164.260055541992
-9.000000000000000000e+00,0,164.715087890625
-9.000000000000000000e+00,0.5,164.921493530273
-9.000000000000000000e+00,1,165.019790649414
-9.000000000000000000e+00,1.5,164.969940185547
-9.000000000000000000e+00,2,164.425231933594
-9.000000000000000000e+00,2.5,161.936859130859
-9.000000000000000000e+00,3,154.118499755859
-9.000000000000000000e+00,3.5,141.396255493164
-9.000000000000000000e+00,4,127.491630554199
-9.000000000000000000e+00,4.5,115.045394897461
-9.000000000000000000e+00,5,108.450325012207
-9.000000000000000000e+00,5.5,105.659408569336
-9.000000000000000000e+00,6,103.656799316406
-9.000000000000000000e+00,6.5,99.095458984375
-9.000000000000000000e+00,7,86.28857421875
-9.000000000000000000e+00,7.5,65.0477905273438
-9.000000000000000000e+00,8,44.0725402832031
-9.000000000000000000e+00,8.5,23.1409568786621
-9.000000000000000000e+00,9,7.49366760253906
-9.000000000000000000e+00,9.5,-0.781996011734009
-9.000000000000000000e+00,10,-6.78199672698975
-9.000000000000000000e+00,-10,-114.577102661133
-8.500000000000000000e+00,-9.5,-112.93724822998
-8.500000000000000000e+00,-9,-108.011642456055
-8.500000000000000000e+00,-8.5,-93.5178680419922
-8.500000000000000000e+00,-8,-60.1926689147949
-8.500000000000000000e+00,-7.5,-13.2618026733398
-8.500000000000000000e+00,-7,25.2123928070068
-8.500000000000000000e+00,-6.5,47.6614303588867
-8.500000000000000000e+00,-6,58.0653190612793
-8.500000000000000000e+00,-5.5,63.2094650268555
-8.500000000000000000e+00,-5,68.2610015869141
-8.500000000000000000e+00,-4.5,75.4331359863281
-8.500000000000000000e+00,-4,84.4021606445312
-8.500000000000000000e+00,-3.5,94.9167556762695
-8.500000000000000000e+00,-3,107.236915588379
-8.500000000000000000e+00,-2.5,119.452514648438
-8.500000000000000000e+00,-2,132.434219360352
-8.500000000000000000e+00,-1.5,144.587295532227
-8.500000000000000000e+00,-1,149.49755859375
-8.500000000000000000e+00,-0.5,150.759902954102
-8.500000000000000000e+00,0,151.121520996094
-8.500000000000000000e+00,0.5,151.248687744141
-8.500000000000000000e+00,1,151.266586303711
-8.500000000000000000e+00,1.5,151.126098632813
-8.500000000000000000e+00,2,150.456985473633
-8.500000000000000000e+00,2.5,147.743850708008
-8.500000000000000000e+00,3,139.666549682617
-8.500000000000000000e+00,3.5,127.289344787598
-8.500000000000000000e+00,4,113.973480224609
-8.500000000000000000e+00,4.5,101.042602539062
-8.500000000000000000e+00,5,93.8680038452148
-8.500000000000000000e+00,5.5,90.8398056030273
-8.500000000000000000e+00,6,88.5202026367188
-8.500000000000000000e+00,6.5,83.0862503051758
-8.500000000000000000e+00,7,68.6142807006836
-8.500000000000000000e+00,7.5,46.9606590270996
-8.500000000000000000e+00,8,26.4086971282959
-8.500000000000000000e+00,8.5,5.64577102661133
-8.500000000000000000e+00,9,-9.41209602355957
-8.500000000000000000e+00,9.5,-17.4922485351562
-8.500000000000000000e+00,10,-23.7962455749512
-8.500000000000000000e+00,-10,-130.354675292969
-8.000000000000000000e+00,-9.5,-128.690780639648
-8.000000000000000000e+00,-9,-123.825294494629
-8.000000000000000000e+00,-8.5,-109.627288818359
-8.000000000000000000e+00,-8,-77.0068817138672
-8.000000000000000000e+00,-7.5,-30.3034000396728
-8.000000000000000000e+00,-7,9.31426620483398
-8.000000000000000000e+00,-6.5,32.3779640197754
-8.000000000000000000e+00,-6,42.6906356811523
-8.000000000000000000e+00,-5.5,47.7707901000977
-8.000000000000000000e+00,-5,52.8734169006348
-8.000000000000000000e+00,-4.5,60.1618728637695
-8.000000000000000000e+00,-4,69.3182601928711
-8.000000000000000000e+00,-3.5,80.1355056762695
-8.000000000000000000e+00,-3,92.6098709106445
-8.000000000000000000e+00,-2.5,104.651489257812
-8.000000000000000000e+00,-2,117.509986877441
-8.000000000000000000e+00,-1.5,129.215148925781
-8.000000000000000000e+00,-1,133.725250244141
-8.000000000000000000e+00,-0.5,134.824813842773
-8.000000000000000000e+00,0,135.091888427734
-8.000000000000000000e+00,0.5,135.136032104492
-8.000000000000000000e+00,1,135.068008422852
-8.000000000000000000e+00,1.5,134.829116821289
-8.000000000000000000e+00,2,134.022644042969
-8.000000000000000000e+00,2.5,131.058792114258
-8.000000000000000000e+00,3,122.68424987793
-8.000000000000000000e+00,3.5,110.58186340332
-8.000000000000000000e+00,4,97.8884429931641
-8.000000000000000000e+00,4.5,84.6490936279297
-8.000000000000000000e+00,5,76.8369827270508
-8.000000000000000000e+00,5.5,73.4933013916016
-8.000000000000000000e+00,6,70.7700119018555
-8.000000000000000000e+00,6.5,64.2859802246094
-8.000000000000000000e+00,7,48.2008361816406
-8.000000000000000000e+00,7.5,26.6106224060059
-8.000000000000000000e+00,8,6.41303253173828
-8.000000000000000000e+00,8.5,-14.1545515060425
-8.000000000000000000e+00,9,-28.5662956237793
-8.000000000000000000e+00,9.5,-36.4123878479004
-8.000000000000000000e+00,10,-42.9408073425293
-8.000000000000000000e+00,-10,-147.724899291992
-7.500000000000000000e+00,-9.5,-146.008926391602
-7.500000000000000000e+00,-9,-141.147109985352
-7.500000000000000000e+00,-8.5,-127.139038085938
-7.500000000000000000e+00,-8,-95.1378479003906
-7.500000000000000000e+00,-7.5,-48.8003997802734
-7.500000000000000000e+00,-7,-8.1764612197876
-7.500000000000000000e+00,-6.5,15.5288887023926
-7.500000000000000000e+00,-6,25.8601036071777
-7.500000000000000000e+00,-5.5,30.9560699462891
-7.500000000000000000e+00,-5,36.1594047546387
-7.500000000000000000e+00,-4.5,43.6054916381836
-7.500000000000000000e+00,-4,52.9938735961914
-7.500000000000000000e+00,-3.5,64.1455078125
-7.500000000000000000e+00,-3,76.7599182128906
-7.500000000000000000e+00,-2.5,88.6264877319336
-7.500000000000000000e+00,-2,101.388809204102
-7.500000000000000000e+00,-1.5,112.661010742188
-7.500000000000000000e+00,-1,116.812850952148
-7.500000000000000000e+00,-0.5,117.778312683105
-7.500000000000000000e+00,0,117.971450805664
-7.500000000000000000e+00,0.5,117.949760437012
-7.500000000000000000e+00,1,117.810386657715
-7.500000000000000000e+00,1.5,117.48469543457
-7.500000000000000000e+00,2,116.546997070312
-7.500000000000000000e+00,2.5,113.327125549316
-7.500000000000000000e+00,3,104.643714904785
-7.500000000000000000e+00,3.5,92.7749252319336
-7.500000000000000000e+00,4,80.7363204956055
-7.500000000000000000e+00,4.5,67.4203033447265
-7.500000000000000000e+00,5,58.9702415466309
-7.500000000000000000e+00,5.5,55.2766761779785
-7.500000000000000000e+00,6,52.1087913513184
-7.500000000000000000e+00,6.5,44.4648513793945
-7.500000000000000000e+00,7,27.0668926239014
-7.500000000000000000e+00,7.5,6.00644779205322
-7.500000000000000000e+00,8,-13.8630504608154
-7.500000000000000000e+00,8.5,-34.0911521911621
-7.500000000000000000e+00,9,-47.7285194396973
-7.500000000000000000e+00,9.5,-55.2491073608398
-7.500000000000000000e+00,10,-61.8940544128418
-7.500000000000000000e+00,-10,-165.470077514648
-7.000000000000000000e+00,-9.5,-163.678833007812
-7.000000000000000000e+00,-9,-158.763214111328
-7.000000000000000000e+00,-8.5,-144.831726074219
-7.000000000000000000e+00,-8,-113.329620361328
-7.000000000000000000e+00,-7.5,-67.4467544555664
-7.000000000000000000e+00,-7,-25.9695434570312
-7.000000000000000000e+00,-6.5,-1.56609272956848
-7.000000000000000000e+00,-6,8.93610572814941
-7.000000000000000000e+00,-5.5,14.1616268157959
-7.000000000000000000e+00,-5,19.5478649139404
-7.000000000000000000e+00,-4.5,27.2248554229736
-7.000000000000000000e+00,-4,36.9199981689453
-7.000000000000000000e+00,-3.5,48.4614868164062
-7.000000000000000000e+00,-3,61.2234802246094
-7.000000000000000000e+00,-2.5,72.9421615600586
-7.000000000000000000e+00,-2,85.6557998657227
-7.000000000000000000e+00,-1.5,96.5286636352539
-7.000000000000000000e+00,-1,100.378173828125
-7.000000000000000000e+00,-0.5,101.249473571777
-7.000000000000000000e+00,0,101.399566650391
-7.000000000000000000e+00,0.5,101.338638305664
-7.000000000000000000e+00,1,101.152275085449
-7.000000000000000000e+00,1.5,100.763092041016
-7.000000000000000000e+00,2,99.7158355712891
-7.000000000000000000e+00,2.5,96.2564544677734
-7.000000000000000000e+00,3,87.2866668701172
-7.000000000000000000e+00,3.5,75.6557006835937
-7.000000000000000000e+00,4,64.3291473388672
-7.000000000000000000e+00,4.5,51.2323417663574
-7.000000000000000000e+00,5,42.2314529418945
-7.000000000000000000e+00,5.5,38.212287902832
-7.000000000000000000e+00,6,34.6031036376953
-7.000000000000000000e+00,6.5,25.768669128418
-7.000000000000000000e+00,7,7.56171035766602
-7.000000000000000000e+00,7.5,-12.6349077224731
-7.000000000000000000e+00,8,-32.2109794616699
-7.000000000000000000e+00,8.5,-51.9618072509766
-7.000000000000000000e+00,9,-64.7591247558594
-7.000000000000000000e+00,9.5,-71.9441757202148
-7.000000000000000000e+00,10,-78.693717956543
-7.000000000000000000e+00,-10,-182.313095092773
-6.500000000000000000e+00,-9.5,-180.450531005859
-6.500000000000000000e+00,-9,-175.452102661133
-6.500000000000000000e+00,-8.5,-161.51123046875
-6.500000000000000000e+00,-8,-130.394836425781
-6.500000000000000000e+00,-7.5,-85.0393600463867
-6.500000000000000000e+00,-7,-42.9082298278809
-6.500000000000000000e+00,-6.5,-17.7587451934814
-6.500000000000000000e+00,-6,-6.92656230926514
-6.500000000000000000e+00,-5.5,-1.45696401596069
-6.500000000000000000e+00,-5,4.19402027130127
-6.500000000000000000e+00,-4.5,12.1739063262939
-6.500000000000000000e+00,-4,22.2463665008545
-6.500000000000000000e+00,-3.5,34.2219200134277
-6.500000000000000000e+00,-3,47.1269302368164
-6.500000000000000000e+00,-2.5,58.7187957763672
-6.500000000000000000e+00,-2,71.4175796508789
-6.500000000000000000e+00,-1.5,81.9118347167969
-6.500000000000000000e+00,-1,85.5002136230469
-6.500000000000000000e+00,-0.5,86.3052215576172
-6.500000000000000000e+00,0,86.4357070922852
-6.500000000000000000e+00,0.5,86.3615570068359
-6.500000000000000000e+00,1,86.1609420776367
-6.500000000000000000e+00,1.5,85.7505416870117
-6.500000000000000000e+00,2,84.6458511352539
-6.500000000000000000e+00,2.5,81.0057678222656
-6.500000000000000000e+00,3,71.8271408081055
-6.500000000000000000e+00,3.5,60.501335144043
-6.500000000000000000e+00,4,49.9814796447754
-6.500000000000000000e+00,4.5,37.4353561401367
-6.500000000000000000e+00,5,28.0289535522461
-6.500000000000000000e+00,5.5,23.7032604217529
-6.500000000000000000e+00,6,19.609827041626
-6.500000000000000000e+00,6.5,9.57115364074707
-6.500000000000000000e+00,7,-8.90829944610596
-6.500000000000000000e+00,7.5,-28.1586933135986
-6.500000000000000000e+00,8,-47.5593910217285
-6.500000000000000000e+00,8.5,-66.7908020019531
-6.500000000000000000e+00,9,-78.7996826171875
-6.500000000000000000e+00,9.5,-85.7426147460938
-6.500000000000000000e+00,10,-92.6721572875976
-6.500000000000000000e+00,-10,-197.180206298828
-6.000000000000000000e+00,-9.5,-195.294494628906
-6.000000000000000000e+00,-9,-190.243560791016
-6.000000000000000000e+00,-8.5,-176.278656005859
-6.000000000000000000e+00,-8,-145.500122070312
-6.000000000000000000e+00,-7.5,-100.790924072266
-6.000000000000000000e+00,-7,-58.3088111877441
-6.000000000000000000e+00,-6.5,-32.4443664550781
-6.000000000000000000e+00,-6,-21.183666229248
-6.000000000000000000e+00,-5.5,-15.4151229858398
-6.000000000000000000e+00,-5,-9.4738826751709
-6.000000000000000000e+00,-4.5,-1.17123317718506
-6.000000000000000000e+00,-4,9.29988479614258
-6.000000000000000000e+00,-3.5,21.7039318084717
-6.000000000000000000e+00,-3,34.7058639526367
-6.000000000000000000e+00,-2.5,46.1643486022949
-6.000000000000000000e+00,-2,58.8556137084961
-6.000000000000000000e+00,-1.5,68.9775924682617
-6.000000000000000000e+00,-1,72.3412094116211
-6.000000000000000000e+00,-0.5,73.1161422729492
-6.000000000000000000e+00,0,73.2733993530273
-6.000000000000000000e+00,0.5,73.2481307983398
-6.000000000000000000e+00,1,73.1127700805664
-6.000000000000000000e+00,1.5,72.7764892578125
-6.000000000000000000e+00,2,71.7194976806641
-6.000000000000000000e+00,2.5,68.0038070678711
-6.000000000000000000e+00,3,58.729190826416
-6.000000000000000000e+00,3.5,47.794734954834
-6.000000000000000000e+00,4,38.151611328125
-6.000000000000000000e+00,4.5,26.4214267730713
-6.000000000000000000e+00,5,16.7202033996582
-6.000000000000000000e+00,5.5,12.0042304992676
-6.000000000000000000e+00,6,7.25504779815674
-6.000000000000000000e+00,6.5,-3.99424195289612
-6.000000000000000000e+00,7,-22.3010330200195
-6.000000000000000000e+00,7.5,-40.742073059082
-6.000000000000000000e+00,8,-60.130615234375
-6.000000000000000000e+00,8.5,-78.8557662963867
-6.000000000000000000e+00,9,-90.1816253662109
-6.000000000000000000e+00,9.5,-97.0046310424805
-6.000000000000000000e+00,10,-104.197448730469
-6.000000000000000000e+00,-10,-209.50798034668
-5.500000000000000000e+00,-9.5,-207.678421020508
-5.500000000000000000e+00,-9,-202.651412963867
-5.500000000000000000e+00,-8.5,-188.711395263672
-5.500000000000000000e+00,-8,-158.293579101562
-5.500000000000000000e+00,-7.5,-114.410575866699
-5.500000000000000000e+00,-7,-71.9950180053711
-5.500000000000000000e+00,-6.5,-45.5594215393066
-5.500000000000000000e+00,-6,-33.8670921325684
-5.500000000000000000e+00,-5.5,-27.8357276916504
-5.500000000000000000e+00,-5,-21.661226272583
-5.500000000000000000e+00,-4.5,-13.0859594345093
-5.500000000000000000e+00,-4,-2.25122690200806
-5.500000000000000000e+00,-3.5,10.5316781997681
-5.500000000000000000e+00,-3,23.5637741088867
-5.500000000000000000e+00,-2.5,34.8869819641113
-5.500000000000000000e+00,-2,47.5942878723145
-5.500000000000000000e+00,-1.5,57.3861274719238
-5.500000000000000000e+00,-1,60.6080932617188
-5.500000000000000000e+00,-0.5,61.4442520141602
-5.500000000000000000e+00,0,61.7312545776367
-5.500000000000000000e+00,0.5,61.8674850463867
-5.500000000000000000e+00,1,61.9133911132812
-5.500000000000000000e+00,1.5,61.7626953125
-5.500000000000000000e+00,2,60.8500061035156
-5.500000000000000000e+00,2.5,57.1299285888672
-5.500000000000000000e+00,3,47.8181571960449
-5.500000000000000000e+00,3.5,37.2931365966797
-5.500000000000000000e+00,4,28.5039138793945
-5.500000000000000000e+00,4.5,17.7252063751221
-5.500000000000000000e+00,5,7.78055572509766
-5.500000000000000000e+00,5.5,2.48926329612732
-5.500000000000000000e+00,6,-3.17726683616638
-5.500000000000000000e+00,6.5,-15.5458860397339
-5.500000000000000000e+00,7,-33.3573532104492
-5.500000000000000000e+00,7.5,-51.2213668823242
-5.500000000000000000e+00,8,-70.7288131713867
-5.500000000000000000e+00,8.5,-88.950813293457
-5.500000000000000000e+00,9,-99.6859893798828
-5.500000000000000000e+00,9.5,-106.479965209961
-5.500000000000000000e+00,10,-113.975471496582
-5.500000000000000000e+00,-10,-219.368438720703
-5.000000000000000000e+00,-9.5,-217.672348022461
-5.000000000000000000e+00,-9,-212.747100830078
-5.000000000000000000e+00,-8.5,-198.889343261719
-5.000000000000000000e+00,-8,-168.866729736328
-5.000000000000000000e+00,-7.5,-125.988975524902
-5.000000000000000000e+00,-7,-84.095344543457
-5.000000000000000000e+00,-6.5,-57.2892951965332
-5.000000000000000000e+00,-6,-45.205753326416
-5.000000000000000000e+00,-5.5,-38.9877052307129
-5.000000000000000000e+00,-5,-32.6711921691895
-5.000000000000000000e+00,-4.5,-23.8957405090332
-5.000000000000000000e+00,-4,-12.7407255172729
-5.000000000000000000e+00,-3.5,0.375865697860718
-5.000000000000000000e+00,-3,13.3979816436768
-5.000000000000000000e+00,-2.5,24.6269607543945
-5.000000000000000000e+00,-2,37.4138984680176
-5.000000000000000000e+00,-1.5,46.9575843811035
-5.000000000000000000e+00,-1,50.1465454101562
-5.000000000000000000e+00,-0.5,51.1426048278809
-5.000000000000000000e+00,0,51.6471633911133
-5.000000000000000000e+00,0.5,52.0183258056641
-5.000000000000000000e+00,1,52.300365447998
-5.000000000000000000e+00,1.5,52.3681869506836
-5.000000000000000000e+00,2,51.6071128845215
-5.000000000000000000e+00,2.5,47.8617553710938
-5.000000000000000000e+00,3,38.4861297607422
-5.000000000000000000e+00,3.5,28.317211151123
-5.000000000000000000e+00,4,20.2926387786865
-5.000000000000000000e+00,4.5,10.5063753128052
-5.000000000000000000e+00,5,0.361418008804321
-5.000000000000000000e+00,5.5,-5.72986316680908
-5.000000000000000000e+00,6,-12.5784301757812
-5.000000000000000000e+00,6.5,-25.8099384307861
-5.000000000000000000e+00,7,-42.9337730407715
-5.000000000000000000e+00,7.5,-60.4507789611816
-5.000000000000000000e+00,8,-80.1350021362305
-5.000000000000000000e+00,8.5,-97.8163833618164
-5.000000000000000000e+00,9,-108.013046264648
-5.000000000000000000e+00,9.5,-114.820739746094
-5.000000000000000000e+00,10,-122.608863830566
-5.000000000000000000e+00,-10,-227.358276367188
-4.500000000000000000e+00,-9.5,-225.846466064453
-4.500000000000000000e+00,-9,-221.065658569336
-4.500000000000000000e+00,-8.5,-207.304473876953
-4.500000000000000000e+00,-8,-177.655975341797
-4.500000000000000000e+00,-7.5,-135.878890991211
-4.500000000000000000e+00,-7,-94.8815765380859
-4.500000000000000000e+00,-6.5,-67.8468704223633
-4.500000000000000000e+00,-6,-55.3344078063965
-4.500000000000000000e+00,-5.5,-48.9238433837891
-4.500000000000000000e+00,-5,-42.4823226928711
-4.500000000000000000e+00,-4.5,-33.5162506103516
-4.500000000000000000e+00,-4,-22.0384273529053
-4.500000000000000000e+00,-3.5,-8.60990047454834
-4.500000000000000000e+00,-3,4.37200927734375
-4.500000000000000000e+00,-2.5,15.5374565124512
-4.500000000000000000e+00,-2,28.4259300231934
-4.500000000000000000e+00,-1.5,37.7423439025879
-4.500000000000000000e+00,-1,40.924129486084
-4.500000000000000000e+00,-0.5,42.0821495056152
-4.500000000000000000e+00,0,42.7883605957031
-4.500000000000000000e+00,0.5,43.3634033203125
-4.500000000000000000e+00,1,43.8372993469238
-4.500000000000000000e+00,1.5,44.0675315856934
-4.500000000000000000e+00,2,43.3893280029297
-4.500000000000000000e+00,2.5,39.5370140075684
-4.500000000000000000e+00,3,30.0284843444824
-4.500000000000000000e+00,3.5,20.1392135620117
-4.500000000000000000e+00,4,12.7752799987793
-4.500000000000000000e+00,4.5,3.97179532051086
-4.500000000000000000e+00,5,-6.30673456192017
-4.500000000000000000e+00,5.5,-13.4241580963135
-4.500000000000000000e+00,6,-21.6524810791016
-4.500000000000000000e+00,6.5,-35.3438186645508
-4.500000000000000000e+00,7,-51.7146377563477
-4.500000000000000000e+00,7.5,-69.068244934082
-4.500000000000000000e+00,8,-88.9158020019531
-4.500000000000000000e+00,8.5,-105.989517211914
-4.500000000000000000e+00,9,-115.676170349121
-4.500000000000000000e+00,9.5,-122.517761230469
-4.500000000000000000e+00,10,-130.571151733398
-4.500000000000000000e+00,-10,-234.321578979492
-4.000000000000000000e+00,-9.5,-233.001708984375
-4.000000000000000000e+00,-9,-228.346755981445
-4.000000000000000000e+00,-8.5,-214.616134643555
-4.000000000000000000e+00,-8,-185.221405029297
-4.000000000000000000e+00,-7.5,-144.506240844727
-4.000000000000000000e+00,-7,-104.624526977539
-4.000000000000000000e+00,-6.5,-77.3828964233398
-4.000000000000000000e+00,-6,-64.270034790039
-4.000000000000000000e+00,-5.5,-57.5319099426269
-4.000000000000000000e+00,-5,-50.8804702758789
-4.000000000000000000e+00,-4.5,-41.6680641174316
-4.000000000000000000e+00,-4,-29.8439559936523
-4.000000000000000000e+00,-3.5,-16.1495723724365
-4.000000000000000000e+00,-3,-3.29122114181519
-4.000000000000000000e+00,-2.5,7.76061725616455
-4.000000000000000000e+00,-2,20.6662750244141
-4.000000000000000000e+00,-1.5,29.6663284301758
-4.000000000000000000e+00,-1,32.7565040588379
-4.000000000000000000e+00,-0.5,33.9784202575684
-4.000000000000000000e+00,0,34.7848014831543
-4.000000000000000000e+00,0.5,35.4635238647461
-4.000000000000000000e+00,1,36.0319938659668
-4.000000000000000000e+00,1.5,36.3301734924316
-4.000000000000000000e+00,2,35.6401519775391
-4.000000000000000000e+00,2.5,31.5844306945801
-4.000000000000000000e+00,3,21.8712711334228
-4.000000000000000000e+00,3.5,12.1947956085205
-4.000000000000000000e+00,4,5.4005651473999
-4.000000000000000000e+00,4.5,-2.45785331726074
-4.000000000000000000e+00,5,-12.7789011001587
-4.000000000000000000e+00,5.5,-21.1342391967773
-4.000000000000000000e+00,6,-30.8207626342773
-4.000000000000000000e+00,6.5,-44.5146064758301
-4.000000000000000000e+00,7,-60.1830368041992
-4.000000000000000000e+00,7.5,-77.5203323364258
-4.000000000000000000e+00,8,-97.4879302978515
-4.000000000000000000e+00,8.5,-113.901473999023
-4.000000000000000000e+00,9,-123.123992919922
-4.000000000000000000e+00,9.5,-130.034469604492
-4.000000000000000000e+00,10,-138.338073730469
-4.000000000000000000e+00,-10,-240.813842773438
-3.500000000000000000e+00,-9.5,-239.635726928711
-3.500000000000000000e+00,-9,-235.01921081543
-3.500000000000000000e+00,-8.5,-221.179641723633
-3.500000000000000000e+00,-8,-191.846145629883
-3.500000000000000000e+00,-7.5,-152.076995849609
-3.500000000000000000e+00,-7,-113.440444946289
-3.500000000000000000e+00,-6.5,-85.9920883178711
-3.500000000000000000e+00,-6,-72.0910491943359
-3.500000000000000000e+00,-5.5,-64.8773040771485
-3.500000000000000000e+00,-5,-57.9347610473633
-3.500000000000000000e+00,-4.5,-48.4388008117676
-3.500000000000000000e+00,-4,-36.2769241333008
-3.500000000000000000e+00,-3.5,-22.4042263031006
-3.500000000000000000e+00,-3,-9.7890100479126
-3.500000000000000000e+00,-2.5,1.06058621406555
-3.500000000000000000e+00,-2,13.8536739349365
-3.500000000000000000e+00,-1.5,22.407865524292
-3.500000000000000000e+00,-1,25.2823524475098
-3.500000000000000000e+00,-0.5,26.4360389709473
-3.500000000000000000e+00,0,27.2143611907959
-3.500000000000000000e+00,0.5,27.8782043457031
-3.500000000000000000e+00,1,28.4347381591797
-3.500000000000000000e+00,1.5,28.7062797546387
-3.500000000000000000e+00,2,27.9182147979736
-3.500000000000000000e+00,2.5,23.5796337127686
-3.500000000000000000e+00,3,13.6171455383301
-3.500000000000000000e+00,3.5,4.1222095489502
-3.500000000000000000e+00,4,-2.15811109542847
-3.500000000000000000e+00,4.5,-9.11696529388428
-3.500000000000000000e+00,5,-19.3759918212891
-3.500000000000000000e+00,5.5,-29.1551208496094
-3.500000000000000000e+00,6,-40.2282066345215
-3.500000000000000000e+00,6.5,-53.5355567932129
-3.500000000000000000e+00,7,-68.6501388549805
-3.500000000000000000e+00,7.5,-86.1091003417969
-3.500000000000000000e+00,8,-106.16015625
-3.500000000000000000e+00,8.5,-121.90160369873
-3.500000000000000000e+00,9,-130.737487792969
-3.500000000000000000e+00,9.5,-137.770812988281
-3.500000000000000000e+00,10,-146.318664550781
-3.500000000000000000e+00,-10,-246.617584228516
-3.000000000000000000e+00,-9.5,-245.49934387207
-3.000000000000000000e+00,-9,-240.824844360352
-3.000000000000000000e+00,-8.5,-226.754821777344
-3.000000000000000000e+00,-8,-197.340759277344
-3.000000000000000000e+00,-7.5,-158.467987060547
-3.000000000000000000e+00,-7,-121.25553894043
-3.000000000000000000e+00,-6.5,-93.7195892333984
-3.000000000000000000e+00,-6,-78.9566345214844
-3.000000000000000000e+00,-5.5,-71.2073059082031
-3.000000000000000000e+00,-5,-63.9666213989258
-3.000000000000000000e+00,-4.5,-54.206787109375
-3.000000000000000000e+00,-4,-41.7554206848144
-3.000000000000000000e+00,-3.5,-27.8118553161621
-3.000000000000000000e+00,-3,-15.5509433746338
-3.000000000000000000e+00,-2.5,-4.97167873382568
-3.000000000000000000e+00,-2,7.60222244262695
-3.000000000000000000e+00,-1.5,15.6107292175293
-3.000000000000000000e+00,-1,18.1712627410889
-3.000000000000000000e+00,-0.5,19.1470985412598
-3.000000000000000000e+00,0,19.7879962921143
-3.000000000000000000e+00,0.5,20.3352909088135
-3.000000000000000000e+00,1,20.7910003662109
-3.000000000000000000e+00,1.5,20.9624328613281
-3.000000000000000000e+00,2,20.0161666870117
-3.000000000000000000e+00,2.5,15.3477573394775
-3.000000000000000000e+00,3,5.13123607635498
-3.000000000000000000e+00,3.5,-4.16958951950073
-3.000000000000000000e+00,4,-9.95397186279297
-3.000000000000000000e+00,4.5,-16.0631504058838
-3.000000000000000000e+00,5,-26.1685009002686
-3.000000000000000000e+00,5.5,-37.5141906738281
-3.000000000000000000e+00,6,-49.7451171875
-3.000000000000000000e+00,6.5,-62.4258537292481
-3.000000000000000000e+00,7,-77.1839447021484
-3.000000000000000000e+00,7.5,-94.8859939575195
-3.000000000000000000e+00,8,-114.98112487793
-3.000000000000000000e+00,8.5,-130.060897827148
-3.000000000000000000e+00,9,-138.596008300781
-3.000000000000000000e+00,9.5,-145.803268432617
-3.000000000000000000e+00,10,-154.580215454102
-3.000000000000000000e+00,-10,-251.155792236328
-2.500000000000000000e+00,-9.5,-250.044189453125
-2.500000000000000000e+00,-9,-245.269088745117
-2.500000000000000000e+00,-8.5,-230.921493530273
-2.500000000000000000e+00,-8,-201.377990722656
-2.500000000000000000e+00,-7.5,-163.442932128906
-2.500000000000000000e+00,-7,-127.876220703125
-2.500000000000000000e+00,-6.5,-100.466262817383
-2.500000000000000000e+00,-6,-84.8526077270508
-2.500000000000000000e+00,-5.5,-76.5556793212891
-2.500000000000000000e+00,-5,-69.042610168457
-2.500000000000000000e+00,-4.5,-59.0595588684082
-2.500000000000000000e+00,-4,-46.3787117004395
-2.500000000000000000e+00,-3.5,-32.4703063964844
-2.500000000000000000e+00,-3,-20.6506862640381
-2.500000000000000000e+00,-2.5,-10.3765344619751
-2.500000000000000000e+00,-2,1.91106867790222
-2.500000000000000000e+00,-1.5,9.32576084136963
-2.500000000000000000e+00,-1,11.5292520523071
-2.500000000000000000e+00,-0.5,12.2754058837891
-2.500000000000000000e+00,0,12.7260189056396
-2.500000000000000000e+00,0.5,13.1065139770508
-2.500000000000000000e+00,1,13.415958404541
-2.500000000000000000e+00,1.5,13.4471263885498
-2.500000000000000000e+00,2,12.3046684265137
-2.500000000000000000e+00,2.5,7.27171421051025
-2.500000000000000000e+00,3,-3.1975736618042
-2.500000000000000000e+00,3.5,-12.2923669815063
-2.500000000000000000e+00,4,-17.6090526580811
-2.500000000000000000e+00,4.5,-22.9602870941162
-2.500000000000000000e+00,5,-32.8840103149414
-2.500000000000000000e+00,5.5,-45.8762550354004
-2.500000000000000000e+00,6,-58.9178466796875
-2.500000000000000000e+00,6.5,-70.9057693481445
-2.500000000000000000e+00,7,-85.5079498291016
-2.500000000000000000e+00,7.5,-103.545394897461
-2.500000000000000000e+00,8,-123.631011962891
-2.500000000000000000e+00,8.5,-138.067855834961
-2.500000000000000000e+00,9,-146.385147094727
-2.500000000000000000e+00,9.5,-153.808502197266
-2.500000000000000000e+00,10,-162.792221069336
-2.500000000000000000e+00,-10,-254.271331787109
-2.000000000000000000e+00,-9.5,-253.147552490234
-2.000000000000000000e+00,-9,-248.257232666016
-2.000000000000000000e+00,-8.5,-233.604431152344
-2.000000000000000000e+00,-8,-203.899398803711
-2.000000000000000000e+00,-7.5,-166.943939208984
-2.000000000000000000e+00,-7,-133.185256958008
-2.000000000000000000e+00,-6.5,-106.103324890137
-2.000000000000000000e+00,-6,-89.6440124511719
-2.000000000000000000e+00,-5.5,-80.7496185302734
-2.000000000000000000e+00,-5,-72.9466247558594
-2.000000000000000000e+00,-4.5,-62.7383308410644
-2.000000000000000000e+00,-4,-49.8488349914551
-2.000000000000000000e+00,-3.5,-36.0384101867676
-2.000000000000000000e+00,-3,-24.6910762786865
-2.000000000000000000e+00,-2.5,-14.69993019104
-2.000000000000000000e+00,-2,-2.70657992362976
-2.000000000000000000e+00,-1.5,4.13509178161621
-2.000000000000000000e+00,-1,6.01046657562256
-2.000000000000000000e+00,-0.5,6.54990386962891
-2.000000000000000000e+00,0,6.82979106903076
-2.000000000000000000e+00,0.5,7.05713272094727
-2.000000000000000000e+00,1,7.2236499786377
-2.000000000000000000e+00,1.5,7.10249614715576
-2.000000000000000000e+00,2,5.72984027862549
-2.000000000000000000e+00,2.5,0.279169797897339
-2.000000000000000000e+00,3,-10.4769096374512
-2.000000000000000000e+00,3.5,-19.4040126800537
-2.000000000000000000e+00,4,-24.3441352844238
-2.000000000000000000e+00,4.5,-29.1159610748291
-2.000000000000000000e+00,5,-38.9486045837402
-2.000000000000000000e+00,5.5,-53.591178894043
-2.000000000000000000e+00,6,-67.0839080810547
-2.000000000000000000e+00,6.5,-78.4942092895508
-2.000000000000000000e+00,7,-93.1475601196289
-2.000000000000000000e+00,7.5,-111.606269836426
-2.000000000000000000e+00,8,-131.635284423828
-2.000000000000000000e+00,8.5,-145.470306396484
-2.000000000000000000e+00,9,-153.660537719727
-2.000000000000000000e+00,9.5,-161.342102050781
-2.000000000000000000e+00,10,-170.511962890625
-2.000000000000000000e+00,-10,-256.136444091797
-1.500000000000000000e+00,-9.5,-254.982070922852
-1.500000000000000000e+00,-9,-249.949935913086
-1.500000000000000000e+00,-8.5,-234.943710327148
-1.500000000000000000e+00,-8,-205.028366088867
-1.500000000000000000e+00,-7.5,-169.067169189453
-1.500000000000000000e+00,-7,-137.198455810547
-1.500000000000000000e+00,-6.5,-110.612976074219
-1.500000000000000000e+00,-6,-93.3014602661133
-1.500000000000000000e+00,-5.5,-83.7179489135742
-1.500000000000000000e+00,-5,-75.5601196289062
-1.500000000000000000e+00,-4.5,-65.078987121582
-1.500000000000000000e+00,-4,-51.9593849182129
-1.500000000000000000e+00,-3.5,-38.2617912292481
-1.500000000000000000e+00,-3,-27.3584156036377
-1.500000000000000000e+00,-2.5,-17.5715579986572
-1.500000000000000000e+00,-2,-5.82523345947266
-1.500000000000000000e+00,-1.5,0.521672010421753
-1.500000000000000000e+00,-1,2.15049910545349
-1.500000000000000000e+00,-0.5,2.55418372154236
-1.500000000000000000e+00,0,2.72453761100769
-1.500000000000000000e+00,0.5,2.84657454490662
-1.500000000000000000e+00,1,2.89999318122864
-1.500000000000000000e+00,1.5,2.63317322731018
-1.500000000000000000e+00,2,1.00706648826599
-1.500000000000000000e+00,2.5,-4.91022491455078
-1.500000000000000000e+00,3,-15.9878273010254
-1.500000000000000000e+00,3.5,-24.7974395751953
-1.500000000000000000e+00,4,-29.4788265228272
-1.500000000000000000e+00,4.5,-33.9029808044434
-1.500000000000000000e+00,5,-43.83203125
-1.500000000000000000e+00,5.5,-59.995849609375
-1.500000000000000000e+00,6,-73.6605453491211
-1.500000000000000000e+00,6.5,-84.7496337890625
-1.500000000000000000e+00,7,-99.6708297729492
-1.500000000000000000e+00,7.5,-118.643753051758
-1.500000000000000000e+00,8,-138.587844848633
-1.500000000000000000e+00,8.5,-151.888595581055
-1.500000000000000000e+00,9,-160.048858642578
-1.500000000000000000e+00,9.5,-168.025344848633
-1.500000000000000000e+00,10,-177.354583740234
-1.500000000000000000e+00,-10,-256.941162109375
-1.000000000000000000e+00,-9.5,-255.737503051758
-1.000000000000000000e+00,-9,-250.533126831055
-1.000000000000000000e+00,-8.5,-235.121780395508
-1.000000000000000000e+00,-8,-204.955810546875
-1.000000000000000000e+00,-7.5,-170.005508422852
-1.000000000000000000e+00,-7,-140.063842773438
-1.000000000000000000e+00,-6.5,-114.136848449707
-1.000000000000000000e+00,-6,-95.9925765991211
-1.000000000000000000e+00,-5.5,-85.6218643188476
-1.000000000000000000e+00,-5,-77.0285797119141
-1.000000000000000000e+00,-4.5,-66.2120208740234
-1.000000000000000000e+00,-4,-52.8296279907226
-1.000000000000000000e+00,-3.5,-39.2434272766113
-1.000000000000000000e+00,-3,-28.7339210510254
-1.000000000000000000e+00,-2.5,-19.0606365203857
-1.000000000000000000e+00,-2,-7.50979661941528
-1.000000000000000000e+00,-1.5,-1.57924103736877
-1.000000000000000000e+00,-1,-0.123131275177002
-1.000000000000000000e+00,-0.5,0.204781293869019
-1.000000000000000000e+00,0,0.31582236289978
-1.000000000000000000e+00,0.5,0.373460054397583
-1.000000000000000000e+00,1,0.344660997390747
-1.000000000000000000e+00,1.5,-0.0494263172149658
-1.000000000000000000e+00,2,-1.92867398262024
-1.000000000000000000e+00,2.5,-8.32433605194092
-1.000000000000000000e+00,3,-19.7081413269043
-1.000000000000000000e+00,3.5,-28.3990840911865
-1.000000000000000000e+00,4,-32.8941383361816
-1.000000000000000000e+00,4.5,-37.1769371032715
-1.000000000000000000e+00,5,-47.3936424255371
-1.000000000000000000e+00,5.5,-64.7291030883789
-1.000000000000000000e+00,6,-78.3839797973633
-1.000000000000000000e+00,6.5,-89.4526138305664
-1.000000000000000000e+00,7,-104.83317565918
-1.000000000000000000e+00,7.5,-124.396797180176
-1.000000000000000000e+00,8,-144.230209350586
-1.000000000000000000e+00,8.5,-157.07258605957
-1.000000000000000000e+00,9,-165.289291381836
-1.000000000000000000e+00,9.5,-173.574920654297
-1.000000000000000000e+00,10,-183.015274047852
-1.000000000000000000e+00,-10,-256.969116210938
-5.000000000000000000e-01,-9.5,-255.704971313477
-5.000000000000000000e-01,-9,-250.302185058594
-5.000000000000000000e-01,-8.5,-234.437347412109
-5.000000000000000000e-01,-8,-203.99462890625
-5.000000000000000000e-01,-7.5,-170.073043823242
-5.000000000000000000e-01,-7,-142.052429199219
-5.000000000000000000e-01,-6.5,-116.926216125488
-5.000000000000000000e-01,-6,-97.9886322021485
-5.000000000000000000e-01,-5.5,-86.7237014770508
-5.000000000000000000e-01,-5,-77.5971221923828
-5.000000000000000000e-01,-4.5,-66.3738174438477
-5.000000000000000000e-01,-4,-52.7001037597656
-5.000000000000000000e-01,-3.5,-39.2314987182617
-5.000000000000000000e-01,-3,-29.0778503417969
-5.000000000000000000e-01,-2.5,-19.455379486084
-5.000000000000000000e-01,-2,-8.08449363708496
-5.000000000000000000e-01,-1.5,-2.5299379825592
-5.000000000000000000e-01,-1,-1.21279239654541
-5.000000000000000000e-01,-0.5,-0.937114953994751
-5.000000000000000000e-01,0,-0.865216732025147
-5.000000000000000000e-01,0.5,-0.852578163146973
-5.000000000000000000e-01,1,-0.944284200668335
-5.000000000000000000e-01,1.5,-1.44812703132629
-5.000000000000000000e-01,2,-3.56995010375977
-5.000000000000000000e-01,2.5,-10.4314870834351
-5.000000000000000000e-01,3,-22.0674362182617
-5.000000000000000000e-01,3.5,-30.5951461791992
-5.000000000000000000e-01,4,-34.9314384460449
-5.000000000000000000e-01,4.5,-39.2417488098145
-5.000000000000000000e-01,5,-49.8805809020996
-5.000000000000000000e-01,5.5,-67.8141326904297
-5.000000000000000000e-01,6,-81.3664016723633
-5.000000000000000000e-01,6.5,-92.6797943115235
-5.000000000000000000e-01,7,-108.652336120605
-5.000000000000000000e-01,7.5,-128.837417602539
-5.000000000000000000e-01,8,-148.516387939453
-5.000000000000000000e-01,8.5,-160.967025756836
-5.000000000000000000e-01,9,-169.303009033203
-5.000000000000000000e-01,9.5,-177.880737304688
-5.000000000000000000e-01,10,-187.35612487793
-5.000000000000000000e-01,-10,-256.568603515625
0.000000000000000000e+00,-9.5,-255.228103637695
0.000000000000000000e+00,-9,-249.588836669922
0.000000000000000000e+00,-8.5,-233.205184936523
0.000000000000000000e+00,-8,-202.450790405273
0.000000000000000000e+00,-7.5,-169.548873901367
0.000000000000000000e+00,-7,-143.379760742188
0.000000000000000000e+00,-6.5,-119.14875793457
0.000000000000000000e+00,-6,-99.4618530273438
0.000000000000000000e+00,-5.5,-87.1837615966797
0.000000000000000000e+00,-5,-77.4122009277344
0.000000000000000000e+00,-4.5,-65.7137145996094
0.000000000000000000e+00,-4,-51.7408981323242
0.000000000000000000e+00,-3.5,-38.4200439453125
0.000000000000000000e+00,-3,-28.6110916137695
0.000000000000000000e+00,-2.5,-19.0133037567139
0.000000000000000000e+00,-2,-7.84334182739258
0.000000000000000000e+00,-1.5,-2.6566755771637
0.000000000000000000e+00,-1,-1.47424125671387
0.000000000000000000e+00,-0.5,-1.2514226436615
0.000000000000000000e+00,0,-1.21770453453064
0.000000000000000000e+00,0.5,-1.24532866477966
0.000000000000000000e+00,1,-1.39136838912964
0.000000000000000000e+00,1.5,-1.99475574493408
0.000000000000000000e+00,2,-4.35240364074707
0.000000000000000000e+00,2.5,-11.6641006469727
0.000000000000000000e+00,3,-23.4874458312988
0.000000000000000000e+00,3.5,-31.798957824707
0.000000000000000000e+00,4,-35.9975509643555
0.000000000000000000e+00,4.5,-40.5001373291016
0.000000000000000000e+00,5,-51.6137924194336
0.000000000000000000e+00,5.5,-69.4499816894531
0.000000000000000000e+00,6,-82.8877258300781
0.000000000000000000e+00,6.5,-94.6524200439453
0.000000000000000000e+00,7,-111.286636352539
0.000000000000000000e+00,7.5,-132.066116333008
0.000000000000000000e+00,8,-151.517639160156
0.000000000000000000e+00,8.5,-163.621505737305
0.000000000000000000e+00,9,-172.111251831055
0.000000000000000000e+00,9.5,-180.937911987305
0.000000000000000000e+00,10,-190.359588623047
0.000000000000000000e+00,-10,-255.963104248047
5.000000000000000000e-01,-9.5,-254.512069702148
5.000000000000000000e-01,-9,-248.571487426758
5.000000000000000000e-01,-8.5,-231.575653076172
5.000000000000000000e-01,-8,-200.458618164062
5.000000000000000000e-01,-7.5,-168.53581237793
5.000000000000000000e-01,-7,-144.09700012207
5.000000000000000000e-01,-6.5,-120.815582275391
5.000000000000000000e-01,-6,-100.442932128906
5.000000000000000000e-01,-5.5,-87.0446548461914
5.000000000000000000e-01,-5,-76.5204391479492
5.000000000000000000e-01,-4.5,-64.2928466796875
5.000000000000000000e-01,-4,-50.036563873291
5.000000000000000000e-01,-3.5,-36.910514831543
5.000000000000000000e-01,-3,-27.4487762451172
5.000000000000000000e-01,-2.5,-17.8677616119385
5.000000000000000000e-01,-2,-6.9340353012085
5.000000000000000000e-01,-1.5,-2.11773204803467
5.000000000000000000e-01,-1,-1.07518219947815
5.000000000000000000e-01,-0.5,-0.913195371627808
5.000000000000000000e-01,0,-0.92273759841919
5.000000000000000000e-01,0.5,-0.991409301757812
5.000000000000000000e-01,1,-1.18861889839172
5.000000000000000000e-01,1.5,-1.88707399368286
5.000000000000000000e-01,2,-4.47969102859497
5.000000000000000000e-01,2.5,-12.2280302047729
5.000000000000000000e-01,3,-24.1739311218262
5.000000000000000000e-01,3.5,-32.2246971130371
5.000000000000000000e-01,4,-36.3229370117188
5.000000000000000000e-01,4.5,-41.1960487365723
5.000000000000000000e-01,5,-52.7221908569336
5.000000000000000000e-01,5.5,-69.7797546386719
5.000000000000000000e-01,6,-83.1462783813476
5.000000000000000000e-01,6.5,-95.5193786621094
5.000000000000000000e-01,7,-112.839065551758
5.000000000000000000e-01,7.5,-134.133148193359
5.000000000000000000e-01,8,-153.251937866211
5.000000000000000000e-01,8.5,-165.018814086914
5.000000000000000000e-01,9,-173.652908325195
5.000000000000000000e-01,9.5,-182.648910522461
5.000000000000000000e-01,10,-191.915634155273
5.000000000000000000e-01,-10,-255.120864868164
1.000000000000000000e+00,-9.5,-253.508041381836
1.000000000000000000e+00,-9,-247.186721801758
1.000000000000000000e+00,-8.5,-229.479156494141
1.000000000000000000e+00,-8,-197.962463378906
1.000000000000000000e+00,-7.5,-166.979293823242
1.000000000000000000e+00,-7,-144.138854980469
1.000000000000000000e+00,-6.5,-121.849143981934
1.000000000000000000e+00,-6,-100.891105651855
1.000000000000000000e+00,-5.5,-86.2921066284179
1.000000000000000000e+00,-5,-74.9109039306641
1.000000000000000000e+00,-4.5,-62.1034469604492
1.000000000000000000e+00,-4,-47.5835723876953
1.000000000000000000e+00,-3.5,-34.6923446655273
1.000000000000000000e+00,-3,-25.570592880249
1.000000000000000000e+00,-2.5,-15.9944877624512
1.000000000000000000e+00,-2,-5.32643222808838
1.000000000000000000e+00,-1.5,-0.877033472061157
1.000000000000000000e+00,-1,0.0243532657623291
1.000000000000000000e+00,-0.5,0.120774030685425
1.000000000000000000e+00,0,0.065049409866333
1.000000000000000000e+00,0.5,-0.044327974319458
1.000000000000000000e+00,1,-0.289488554000854
1.000000000000000000e+00,1.5,-1.0796811580658
1.000000000000000000e+00,2,-3.9082019329071
1.000000000000000000e+00,2.5,-12.077974319458
1.000000000000000000e+00,3,-24.0801181793213
1.000000000000000000e+00,3.5,-31.835958480835
1.000000000000000000e+00,4,-35.8932266235352
1.000000000000000000e+00,4.5,-41.317626953125
1.000000000000000000e+00,5,-53.0454902648926
1.000000000000000000e+00,5.5,-68.7692108154297
1.000000000000000000e+00,6,-82.1200942993164
1.000000000000000000e+00,6.5,-95.2230987548828
1.000000000000000000e+00,7,-113.227661132812
1.000000000000000000e+00,7.5,-134.922439575195
1.000000000000000000e+00,8,-153.585784912109
1.000000000000000000e+00,8.5,-164.995864868164
1.000000000000000000e+00,9,-173.720550537109
1.000000000000000000e+00,9.5,-182.766784667969
1.000000000000000000e+00,10,-191.759399414062
1.000000000000000000e+00,-10,-253.741073608398
1.500000000000000000e+00,-9.5,-251.924102783203
1.500000000000000000e+00,-9,-245.160888671875
1.500000000000000000e+00,-8.5,-226.673797607422
1.500000000000000000e+00,-8,-194.769973754883
1.500000000000000000e+00,-7.5,-164.715194702148
1.500000000000000000e+00,-7,-143.356643676758
1.500000000000000000e+00,-6.5,-122.097412109375
1.500000000000000000e+00,-6,-100.685478210449
1.500000000000000000e+00,-5.5,-84.829460144043
1.500000000000000000e+00,-5,-72.4790496826172
1.500000000000000000e+00,-4.5,-59.0290336608887
1.500000000000000000e+00,-4,-44.2518997192383
1.500000000000000000e+00,-3.5,-31.6109294891357
1.500000000000000000e+00,-3,-22.7971477508545
1.500000000000000000e+00,-2.5,-13.1964473724365
1.500000000000000000e+00,-2,-2.80482292175293
1.500000000000000000e+00,-1.5,1.29740118980408
1.500000000000000000e+00,-1,2.06913018226624
1.500000000000000000e+00,-0.5,2.10590720176697
1.500000000000000000e+00,0,2.00969099998474
1.500000000000000000e+00,0.5,1.86668467521667
1.500000000000000000e+00,1,1.58187460899353
1.500000000000000000e+00,1.5,0.707011461257935
1.500000000000000000e+00,2,-2.3552839756012
1.500000000000000000e+00,2.5,-10.9243898391724
1.500000000000000000e+00,3,-22.9118309020996
1.500000000000000000e+00,3.5,-30.3481121063232
1.500000000000000000e+00,4,-34.4468269348145
1.500000000000000000e+00,4.5,-40.574577331543
1.500000000000000000e+00,5,-52.146053314209
1.500000000000000000e+00,5.5,-66.1688461303711
1.500000000000000000e+00,6,-79.5339889526367
1.500000000000000000e+00,6.5,-93.4638748168945
1.500000000000000000e+00,7,-112.147399902344
1.500000000000000000e+00,7.5,-134.118240356445
1.500000000000000000e+00,8,-152.214569091797
1.500000000000000000e+00,8.5,-163.247421264648
1.500000000000000000e+00,9,-171.998229980469
1.500000000000000000e+00,9.5,-180.97265625
1.500000000000000000e+00,10,-189.59049987793
1.500000000000000000e+00,-10,-251.354080200195
2.000000000000000000e+00,-9.5,-249.323257446289
2.000000000000000000e+00,-9,-242.093505859375
2.000000000000000000e+00,-8.5,-222.80305480957
2.000000000000000000e+00,-8,-190.576751708984
2.000000000000000000e+00,-7.5,-161.46452331543
2.000000000000000000e+00,-7,-141.488739013672
2.000000000000000000e+00,-6.5,-121.292427062988
2.000000000000000000e+00,-6,-99.5794219970703
2.000000000000000000e+00,-5.5,-82.4367904663086
2.000000000000000000e+00,-5,-68.999626159668
2.000000000000000000e+00,-4.5,-54.8337631225586
2.000000000000000000e+00,-4,-39.7920532226562
2.000000000000000000e+00,-3.5,-27.3913726806641
2.000000000000000000e+00,-3,-18.8278255462646
2.000000000000000000e+00,-2.5,-9.15268039703369
2.000000000000000000e+00,-2,0.974689245223999
2.000000000000000000e+00,-1.5,4.77035140991211
2.000000000000000000e+00,-1,5.44166564941406
2.000000000000000000e+00,-0.5,5.43998908996582
2.000000000000000000e+00,0,5.32133674621582
2.000000000000000000e+00,0.5,5.16139030456543
2.000000000000000000e+00,1,4.8523120880127
2.000000000000000000e+00,1.5,3.90435862541199
2.000000000000000000e+00,2,0.613670587539673
2.000000000000000000e+00,2.5,-8.32619285583496
2.000000000000000000e+00,3,-20.2270698547363
2.000000000000000000e+00,3.5,-27.3351306915283
2.000000000000000000e+00,4,-31.5873203277588
2.000000000000000000e+00,4.5,-38.5027008056641
2.000000000000000000e+00,5,-49.472339630127
2.000000000000000000e+00,5.5,-61.6306991577148
2.000000000000000000e+00,6,-75.0042037963867
2.000000000000000000e+00,6.5,-89.8524398803711
2.000000000000000000e+00,7,-109.23038482666
2.000000000000000000e+00,7.5,-131.376708984375
2.000000000000000000e+00,8,-148.847351074219
2.000000000000000000e+00,8.5,-159.53059387207
2.000000000000000000e+00,9,-168.291198730469
2.000000000000000000e+00,9.5,-177.13801574707
2.000000000000000000e+00,10,-185.368957519531
2.000000000000000000e+00,-10,-247.544647216797
2.500000000000000000e+00,-9.5,-245.323425292969
2.500000000000000000e+00,-9,-237.632507324219
2.500000000000000000e+00,-8.5,-217.550338745117
2.500000000000000000e+00,-8,-185.106384277344
2.500000000000000000e+00,-7.5,-156.96728515625
2.500000000000000000e+00,-7,-138.293182373047
2.500000000000000000e+00,-6.5,-119.190055847168
2.500000000000000000e+00,-6,-97.3499298095703
2.500000000000000000e+00,-5.5,-78.9340667724609
2.500000000000000000e+00,-5,-64.3059997558594
2.500000000000000000e+00,-4.5,-49.3593444824219
2.500000000000000000e+00,-4,-34.0500335693359
2.500000000000000000e+00,-3.5,-21.871711730957
2.500000000000000000e+00,-3,-13.4910659790039
2.500000000000000000e+00,-2.5,-3.68415212631226
2.500000000000000000e+00,-2,6.20512008666992
2.500000000000000000e+00,-1.5,9.74899864196777
2.500000000000000000e+00,-1,10.3622779846191
2.500000000000000000e+00,-0.5,10.3550519943237
2.500000000000000000e+00,0,10.2411584854126
2.500000000000000000e+00,0.5,10.0866355895996
2.500000000000000000e+00,1,9.77048873901367
2.500000000000000000e+00,1.5,8.75885391235352
2.500000000000000000e+00,2,5.24019241333008
2.500000000000000000e+00,2.5,-4.04532909393311
2.500000000000000000e+00,3,-15.8014936447144
2.500000000000000000e+00,3.5,-22.6070766448975
2.500000000000000000e+00,4,-27.1684455871582
2.500000000000000000e+00,4.5,-34.8559303283691
2.500000000000000000e+00,5,-44.8018379211426
2.500000000000000000e+00,5.5,-55.1261405944824
2.500000000000000000e+00,6,-68.4936370849609
2.500000000000000000e+00,6.5,-84.38330078125
2.500000000000000000e+00,7,-104.539276123047
2.500000000000000000e+00,7.5,-126.838958740234
2.500000000000000000e+00,8,-143.735397338867
2.500000000000000000e+00,8.5,-154.20231628418
2.500000000000000000e+00,9,-163.062545776367
2.500000000000000000e+00,9.5,-171.845169067383
2.500000000000000000e+00,10,-179.802719116211
2.500000000000000000e+00,-10,-242.326248168945
3.000000000000000000e+00,-9.5,-239.964874267578
3.000000000000000000e+00,-9,-231.841018676758
3.000000000000000000e+00,-8.5,-211.009460449219
3.000000000000000000e+00,-8,-178.484893798828
3.000000000000000000e+00,-7.5,-151.362609863281
3.000000000000000000e+00,-7,-133.931274414062
3.000000000000000000e+00,-6.5,-115.955604553223
3.000000000000000000e+00,-6,-94.1829299926758
3.000000000000000000e+00,-5.5,-74.5622634887695
3.000000000000000000e+00,-5,-58.6701507568359
3.000000000000000000e+00,-4.5,-42.9036407470703
3.000000000000000000e+00,-4,-27.3460426330566
3.000000000000000000e+00,-3.5,-15.3842716217041
3.000000000000000000e+00,-3,-7.12996530532837
3.000000000000000000e+00,-2.5,2.85531306266785
3.000000000000000000e+00,-2,12.5318298339844
3.000000000000000000e+00,-1.5,15.8811740875244
3.000000000000000000e+00,-1,16.4842185974121
3.000000000000000000e+00,-0.5,16.5116424560547
3.000000000000000000e+00,0,16.4367427825928
3.000000000000000000e+00,0.5,16.3152332305908
3.000000000000000000e+00,1,16.0110301971436
3.000000000000000000e+00,1.5,14.9424686431885
3.000000000000000000e+00,2,11.1897821426392
3.000000000000000000e+00,2.5,1.57649111747742
3.000000000000000000e+00,3,-10.0002660751343
3.000000000000000000e+00,3.5,-16.5786991119385
3.000000000000000000e+00,4,-21.6522998809814
3.000000000000000000e+00,4.5,-29.9790306091309
3.000000000000000000e+00,5,-38.621265411377
3.000000000000000000e+00,5.5,-47.3152465820312
3.000000000000000000e+00,6,-60.701976776123
3.000000000000000000e+00,6.5,-77.8274993896484
3.000000000000000000e+00,7,-98.9548950195312
3.000000000000000000e+00,7.5,-121.501029968262
3.000000000000000000e+00,8,-138.00341796875
3.000000000000000000e+00,8.5,-148.487274169922
3.000000000000000000e+00,9,-157.611465454102
3.000000000000000000e+00,9.5,-166.45100402832
3.000000000000000000e+00,10,-174.279388427734
3.000000000000000000e+00,-10,-236.154815673828
3.500000000000000000e+00,-9.5,-233.714370727539
3.500000000000000000e+00,-9,-225.19401550293
3.500000000000000000e+00,-8.5,-203.673446655273
3.500000000000000000e+00,-8,-171.220947265625
3.500000000000000000e+00,-7.5,-145.158157348633
3.500000000000000000e+00,-7,-128.920227050781
3.500000000000000000e+00,-6.5,-112.098037719727
3.500000000000000000e+00,-6,-90.5860977172852
3.500000000000000000e+00,-5.5,-69.8700790405273
3.500000000000000000e+00,-5,-52.6631393432617
3.500000000000000000e+00,-4.5,-36.0546607971191
3.500000000000000000e+00,-4,-20.2826194763184
3.500000000000000000e+00,-3.5,-8.54056739807129
3.500000000000000000e+00,-3,-0.367136478424072
3.500000000000000000e+00,-2.5,9.83078289031982
3.500000000000000000e+00,-2,19.3175640106201
3.500000000000000000e+00,-1.5,22.5316314697266
3.500000000000000000e+00,-1,23.1797981262207
3.500000000000000000e+00,-0.5,23.2951793670654
3.500000000000000000e+00,0,23.3103275299072
3.500000000000000000e+00,0.5,23.2675037384033
3.500000000000000000e+00,1,23.0108299255371
3.500000000000000000e+00,1.5,21.9040946960449
3.500000000000000000e+00,2,17.9175930023193
3.500000000000000000e+00,2.5,7.99444198608398
3.500000000000000000e+00,3,-3.39471507072449
3.500000000000000000e+00,3.5,-9.88293266296387
3.500000000000000000e+00,4,-15.7093467712402
3.500000000000000000e+00,4.5,-24.4461250305176
3.500000000000000000e+00,5,-31.7319374084473
3.500000000000000000e+00,5.5,-39.1452980041504
3.500000000000000000e+00,6,-52.646240234375
3.500000000000000000e+00,6.5,-71.2635498046875
3.500000000000000000e+00,7,-93.6325378417969
3.500000000000000000e+00,7.5,-116.570602416992
3.500000000000000000e+00,8,-132.886611938477
3.500000000000000000e+00,8.5,-143.58918762207
3.500000000000000000e+00,9,-153.068466186523
3.500000000000000000e+00,9.5,-161.994064331055
3.500000000000000000e+00,10,-169.729522705078
3.500000000000000000e+00,-10,-229.136169433594
4.000000000000000000e+00,-9.5,-226.671096801758
4.000000000000000000e+00,-9,-217.784240722656
4.000000000000000000e+00,-8.5,-195.640350341797
4.000000000000000000e+00,-8,-163.409973144531
4.000000000000000000e+00,-7.5,-138.434616088867
4.000000000000000000e+00,-7,-123.338035583496
4.000000000000000000e+00,-6.5,-107.676277160645
4.000000000000000000e+00,-6,-86.5970001220703
4.000000000000000000e+00,-5.5,-64.9193649291992
4.000000000000000000e+00,-5,-46.3599014282227
4.000000000000000000e+00,-4.5,-28.8925666809082
4.000000000000000000e+00,-4,-12.9436435699463
4.000000000000000000e+00,-3.5,-1.42734980583191
4.000000000000000000e+00,-3,6.70147895812988
4.000000000000000000e+00,-2.5,17.1322040557861
4.000000000000000000e+00,-2,26.4446830749512
4.000000000000000000e+00,-1.5,29.5761451721191
4.000000000000000000e+00,-1,30.3219871520996
4.000000000000000000e+00,-0.5,30.5799255371094
4.000000000000000000e+00,0,30.7401237487793
4.000000000000000000e+00,0.5,30.8254928588867
4.000000000000000000e+00,1,30.6516227722168
4.000000000000000000e+00,1.5,29.5164222717285
4.000000000000000000e+00,2,25.2761669158936
4.000000000000000000e+00,2.5,15.0275192260742
4.000000000000000000e+00,3,3.76593470573425
4.000000000000000000e+00,3.5,-2.8718740940094
4.000000000000000000e+00,4,-9.71978378295898
4.000000000000000000e+00,4.5,-18.6067066192627
4.000000000000000000e+00,5,-24.7156600952148
4.000000000000000000e+00,5.5,-31.2707633972168
4.000000000000000000e+00,6,-44.9991760253906
4.000000000000000000e+00,6.5,-65.3183212280273
4.000000000000000000e+00,7,-89.1476821899414
4.000000000000000000e+00,7.5,-112.541831970215
4.000000000000000000e+00,8,-128.775604248047
4.000000000000000000e+00,8.5,-139.760360717773
4.000000000000000000e+00,9,-149.546951293945
4.000000000000000000e+00,9.5,-158.474426269531
4.000000000000000000e+00,10,-166.062973022461
4.000000000000000000e+00,-10,-220.579727172852
4.500000000000000000e+00,-9.5,-218.141983032227
4.500000000000000000e+00,-9,-208.918518066406
4.500000000000000000e+00,-8.5,-186.231719970703
4.500000000000000000e+00,-8,-154.377792358398
4.500000000000000000e+00,-7.5,-130.515518188477
4.500000000000000000e+00,-7,-116.519477844238
4.500000000000000000e+00,-6.5,-102.021797180176
4.500000000000000000e+00,-6,-81.5351409912109
4.500000000000000000e+00,-5.5,-59.0626983642578
4.500000000000000000e+00,-5,-39.1426773071289
4.500000000000000000e+00,-4.5,-20.8166904449463
4.500000000000000000e+00,-4,-4.74156999588013
4.500000000000000000e+00,-3.5,6.52858638763428
4.500000000000000000e+00,-3,14.6265048980713
4.500000000000000000e+00,-2.5,25.2796726226807
4.500000000000000000e+00,-2,34.4039039611816
4.500000000000000000e+00,-1.5,37.468864440918
4.500000000000000000e+00,-1,38.3222999572754
4.500000000000000000e+00,-0.5,38.7276153564453
4.500000000000000000e+00,0,39.0293617248535
4.500000000000000000e+00,0.5,39.2238960266113
4.500000000000000000e+00,1,39.0889167785644
4.500000000000000000e+00,1.5,37.8463973999023
4.500000000000000000e+00,2,33.2401237487793
4.500000000000000000e+00,2.5,22.5592460632324
4.500000000000000000e+00,3,11.2614603042603
4.500000000000000000e+00,3.5,4.1362247467041
4.500000000000000000e+00,4,-3.93596291542053
4.500000000000000000e+00,4.5,-12.6899299621582
4.500000000000000000e+00,5,-17.8922920227051
4.500000000000000000e+00,5.5,-23.9342842102051
4.500000000000000000e+00,6,-37.9126396179199
4.500000000000000000e+00,6.5,-59.9862861633301
4.500000000000000000e+00,7,-85.3671646118164
4.500000000000000000e+00,7.5,-109.17236328125
4.500000000000000000e+00,8,-125.335952758789
4.500000000000000000e+00,8.5,-136.579162597656
4.500000000000000000e+00,9,-146.568313598633
4.500000000000000000e+00,9.5,-155.396530151367
4.500000000000000000e+00,10,-162.789962768555
4.500000000000000000e+00,-10,-209.42724609375
5.000000000000000000e+00,-9.5,-207.065048217773
5.000000000000000000e+00,-9,-197.539215087891
5.000000000000000000e+00,-8.5,-174.412963867187
5.000000000000000000e+00,-8,-143.099060058594
5.000000000000000000e+00,-7.5,-120.385734558105
5.000000000000000000e+00,-7,-107.473663330078
5.000000000000000000e+00,-6.5,-94.1560516357422
5.000000000000000000e+00,-6,-74.4203033447265
5.000000000000000000e+00,-5.5,-51.3586387634277
5.000000000000000000e+00,-5,-30.1147613525391
5.000000000000000000e+00,-4.5,-10.9581413269043
5.000000000000000000e+00,-4,5.16995811462402
5.000000000000000000e+00,-3.5,16.1455497741699
5.000000000000000000e+00,-3,24.1845512390137
5.000000000000000000e+00,-2.5,34.9921760559082
5.000000000000000000e+00,-2,43.846378326416
5.000000000000000000e+00,-1.5,46.7723655700684
5.000000000000000000e+00,-1,47.6349220275879
5.000000000000000000e+00,-0.5,48.065860748291
5.000000000000000000e+00,0,48.3649559020996
5.000000000000000000e+00,0.5,48.5029411315918
5.000000000000000000e+00,1,48.2215805053711
5.000000000000000000e+00,1.5,46.6703834533691
5.000000000000000000e+00,2,41.4980812072754
5.000000000000000000e+00,2.5,30.2319526672363
5.000000000000000000e+00,3,18.7121543884277
5.000000000000000000e+00,3.5,10.7896480560303
5.000000000000000000e+00,4,1.5296151638031
5.000000000000000000e+00,4.5,-6.76054096221924
5.000000000000000000e+00,5,-11.2712697982788
5.000000000000000000e+00,5.5,-17.0002841949463
5.000000000000000000e+00,6,-31.1616363525391
5.000000000000000000e+00,6.5,-54.9130058288574
5.000000000000000000e+00,7,-81.8662033081055
5.000000000000000000e+00,7.5,-106.011543273926
5.000000000000000000e+00,8,-122.11060333252
5.000000000000000000e+00,8.5,-133.584823608398
5.000000000000000000e+00,9,-143.690811157227
5.000000000000000000e+00,9.5,-152.360809326172
5.000000000000000000e+00,10,-159.557083129883
5.000000000000000000e+00,-10,-194.829559326172
5.500000000000000000e+00,-9.5,-192.55598449707
5.500000000000000000e+00,-9,-182.73860168457
5.500000000000000000e+00,-8.5,-159.273132324219
5.500000000000000000e+00,-8,-128.645217895508
5.500000000000000000e+00,-7.5,-107.106536865234
5.500000000000000000e+00,-7,-95.2667770385742
5.500000000000000000e+00,-6.5,-83.1423797607422
5.500000000000000000e+00,-6,-64.2995758056641
5.500000000000000000e+00,-5.5,-40.8765525817871
5.500000000000000000e+00,-5,-18.3914070129395
5.500000000000000000e+00,-4.5,1.53295207023621
5.500000000000000000e+00,-4,17.6019096374512
5.500000000000000000e+00,-3.5,28.1758499145508
5.500000000000000000e+00,-3,36.042854309082
5.500000000000000000e+00,-2.5,46.8258018493652
5.500000000000000000e+00,-2,55.2015151977539
5.500000000000000000e+00,-1.5,57.7710037231445
5.500000000000000000e+00,-1,58.3921585083008
5.500000000000000000e+00,-0.5,58.5796051025391
5.500000000000000000e+00,0,58.6024780273438
5.500000000000000000e+00,0.5,58.4194564819336
5.500000000000000000e+00,1,57.7477416992188
5.500000000000000000e+00,1.5,55.6733703613281
5.500000000000000000e+00,2,49.7685546875
5.500000000000000000e+00,2.5,37.8307495117188
5.500000000000000000e+00,3,25.968936920166
5.500000000000000000e+00,3.5,17.0483627319336
5.500000000000000000e+00,4,6.9068660736084
5.500000000000000000e+00,4.5,-0.632709503173828
5.500000000000000000e+00,5,-4.61636066436768
5.500000000000000000e+00,5.5,-10.1562414169312
5.500000000000000000e+00,6,-24.4331512451172
5.500000000000000000e+00,6.5,-49.7359657287598
5.500000000000000000e+00,7,-78.2737197875976
5.500000000000000000e+00,7.5,-102.717330932617
5.500000000000000000e+00,8,-118.78564453125
5.500000000000000000e+00,8.5,-130.482635498047
5.500000000000000000e+00,9,-140.652130126953
5.500000000000000000e+00,9.5,-149.149200439453
5.500000000000000000e+00,10,-156.184860229492
5.500000000000000000e+00,-10,-176.647369384766
6.000000000000000000e+00,-9.5,-174.371765136719
6.000000000000000000e+00,-9,-164.182983398438
6.000000000000000000e+00,-8.5,-140.407974243164
6.000000000000000000e+00,-8,-110.52742767334
6.000000000000000000e+00,-7.5,-90.121223449707
6.000000000000000000e+00,-7,-79.2960205078125
6.000000000000000000e+00,-6.5,-68.3376083374023
6.000000000000000000e+00,-6,-50.4891204833984
6.000000000000000000e+00,-5.5,-26.9391059875488
6.000000000000000000e+00,-5,-3.35354590415955
6.000000000000000000e+00,-4.5,17.214448928833
6.000000000000000000e+00,-4,33.0377616882324
6.000000000000000000e+00,-3.5,43.0042190551758
6.000000000000000000e+00,-3,50.4684371948242
6.000000000000000000e+00,-2.5,60.9242858886719
6.000000000000000000e+00,-2,68.5058517456055
6.000000000000000000e+00,-1.5,70.4154739379883
6.000000000000000000e+00,-1,70.4931182861328
6.000000000000000000e+00,-0.5,70.1559982299805
6.000000000000000000e+00,0,69.6556243896484
6.000000000000000000e+00,0.5,68.9448623657226
6.000000000000000000e+00,1,67.7164993286133
6.000000000000000000e+00,1.5,64.9892807006836
6.000000000000000000e+00,2,58.2677574157715
6.000000000000000000e+00,2.5,45.6322288513184
6.000000000000000000e+00,3,33.3229141235352
6.000000000000000000e+00,3.5,23.2727146148682
6.000000000000000000e+00,4,12.6955223083496
6.000000000000000000e+00,4.5,6.02976036071777
6.000000000000000000e+00,5,2.40549921989441
6.000000000000000000e+00,5.5,-3.06275987625122
6.000000000000000000e+00,6,-17.4405708312988
6.000000000000000000e+00,6.5,-44.15625
6.000000000000000000e+00,7,-74.2895736694336
6.000000000000000000e+00,7.5,-99.0211791992188
6.000000000000000000e+00,8,-115.111038208008
6.000000000000000000e+00,8.5,-127.029815673828
6.000000000000000000e+00,9,-137.22981262207
6.000000000000000000e+00,9.5,-145.567733764648
6.000000000000000000e+00,10,-152.501235961914
6.000000000000000000e+00,-10,-155.821517944336
6.500000000000000000e+00,-9.5,-153.293441772461
6.500000000000000000e+00,-9,-142.503067016602
6.500000000000000000e+00,-8.5,-118.31551361084
6.500000000000000000e+00,-8,-89.1015548706055
6.500000000000000000e+00,-7.5,-69.6735534667969
6.500000000000000000e+00,-7,-59.7270812988281
6.500000000000000000e+00,-6.5,-49.8510055541992
6.500000000000000000e+00,-6,-33.0543212890625
6.500000000000000000e+00,-5.5,-9.61233139038086
6.500000000000000000e+00,-5,14.8740539550781
6.500000000000000000e+00,-4.5,35.9149322509766
6.500000000000000000e+00,-4,51.2751808166504
6.500000000000000000e+00,-3.5,60.4085006713867
6.500000000000000000e+00,-3,67.241340637207
6.500000000000000000e+00,-2.5,77.1022033691406
6.500000000000000000e+00,-2,83.6504440307617
6.500000000000000000e+00,-1.5,84.702995300293
6.500000000000000000e+00,-1,84.0636138916016
6.500000000000000000e+00,-0.5,83.0579986572266
6.500000000000000000e+00,0,81.9184494018555
6.500000000000000000e+00,0.5,80.5859222412109
6.500000000000000000e+00,1,78.7200775146484
6.500000000000000000e+00,1.5,75.2655410766601
6.500000000000000000e+00,2,67.6694869995117
6.500000000000000000e+00,2.5,54.2969856262207
6.500000000000000000e+00,3,41.3770790100098
6.500000000000000000e+00,3.5,30.1188201904297
6.500000000000000000e+00,4,19.552885055542
6.500000000000000000e+00,4.5,13.6961975097656
6.500000000000000000e+00,5,10.2422142028809
6.500000000000000000e+00,5.5,4.70751190185547
6.500000000000000000e+00,6,-9.82237720489502
6.500000000000000000e+00,6.5,-37.8156051635742
6.500000000000000000e+00,7,-69.5447235107422
6.500000000000000000e+00,7.5,-94.5785140991211
6.500000000000000000e+00,8,-110.747619628906
6.500000000000000000e+00,8.5,-122.883529663086
6.500000000000000000e+00,9,-133.09162902832
6.500000000000000000e+00,9.5,-141.30110168457
6.500000000000000000e+00,10,-148.20231628418
6.500000000000000000e+00,-10,-134.256973266602
7.000000000000000000e+00,-9.5,-131.134979248047
7.000000000000000000e+00,-9,-119.429084777832
7.000000000000000000e+00,-8.5,-94.6543350219726
7.000000000000000000e+00,-8,-65.9418182373047
7.000000000000000000e+00,-7.5,-47.2785491943359
7.000000000000000000e+00,-7,-38.0333671569824
7.000000000000000000e+00,-6.5,-29.1126880645752
7.000000000000000000e+00,-6,-13.3596992492676
7.000000000000000000e+00,-5.5,9.81443214416504
7.000000000000000000e+00,-5,35.0635833740234
7.000000000000000000e+00,-4.5,56.5269241333008
7.000000000000000000e+00,-4,71.3830642700195
7.000000000000000000e+00,-3.5,79.6645812988281
7.000000000000000000e+00,-3,85.8639907836914
7.000000000000000000e+00,-2.5,95.0971145629883
7.000000000000000000e+00,-2,100.608505249023
7.000000000000000000e+00,-1.5,100.822166442871
7.000000000000000000e+00,-1,99.4797821044922
7.000000000000000000e+00,-0.5,97.8155517578125
7.000000000000000000e+00,0,96.0389480590821
7.000000000000000000e+00,0.5,94.0743255615235
7.000000000000000000e+00,1,91.5429382324219
7.000000000000000000e+00,1.5,87.3140869140625
7.000000000000000000e+00,2,78.7928924560547
7.000000000000000000e+00,2.5,64.6177825927734
7.000000000000000000e+00,3,50.8746719360352
7.000000000000000000e+00,3.5,38.4388084411621
7.000000000000000000e+00,4,28.2438697814941
7.000000000000000000e+00,4.5,23.0000915527344
7.000000000000000000e+00,5,19.5166511535645
7.000000000000000000e+00,5.5,13.7557258605957
7.000000000000000000e+00,6,-1.04026961326599
7.000000000000000000e+00,6.5,-30.1950302124023
7.000000000000000000e+00,7,-63.5053863525391
7.000000000000000000e+00,7.5,-88.8825073242188
7.000000000000000000e+00,8,-105.193092346191
7.000000000000000000e+00,8.5,-117.538848876953
7.000000000000000000e+00,9,-127.742866516113
7.000000000000000000e+00,9.5,-135.867248535156
7.000000000000000000e+00,10,-142.813079833984
7.000000000000000000e+00,-10,-114.070388793945
7.500000000000000000e+00,-9.5,-110.14200592041
7.500000000000000000e+00,-9,-97.3399963378906
7.500000000000000000e+00,-8.5,-71.9241943359375
7.500000000000000000e+00,-8,-43.6227569580078
7.500000000000000000e+00,-7.5,-25.5611248016357
7.500000000000000000e+00,-7,-16.8444137573242
7.500000000000000000e+00,-6.5,-8.69107627868652
7.500000000000000000e+00,-6,6.16794967651367
7.500000000000000000e+00,-5.5,29.1180000305176
7.500000000000000000e+00,-5,55.2026062011719
7.500000000000000000e+00,-4.5,77.3040771484375
7.500000000000000000e+00,-4,91.9197616577148
7.500000000000000000e+00,-3.5,99.6325302124023
7.500000000000000000e+00,-3,105.479873657227
7.500000000000000000e+00,-2.5,114.310218811035
7.500000000000000000e+00,-2,119.014122009277
7.500000000000000000e+00,-1.5,118.60669708252
7.500000000000000000e+00,-1,116.745864868164
7.500000000000000000e+00,-0.5,114.577163696289
7.500000000000000000e+00,0,112.286911010742
7.500000000000000000e+00,0.5,109.781288146973
7.500000000000000000e+00,1,106.640716552734
7.500000000000000000e+00,1.5,101.661254882812
7.500000000000000000e+00,2,92.2211227416992
7.500000000000000000e+00,2.5,77.2014236450195
7.500000000000000000e+00,3,62.4498291015625
7.500000000000000000e+00,3.5,49.0543785095215
7.500000000000000000e+00,4,39.4762420654297
7.500000000000000000e+00,4.5,34.6133651733399
7.500000000000000000e+00,5,30.9263381958008
7.500000000000000000e+00,5.5,24.7831001281738
7.500000000000000000e+00,6,9.56982517242432
7.500000000000000000e+00,6.5,-20.652172088623
7.500000000000000000e+00,7,-55.5036277770996
7.500000000000000000e+00,7.5,-81.2908096313477
7.500000000000000000e+00,8,-97.811149597168
7.500000000000000000e+00,8.5,-110.361694335938
7.500000000000000000e+00,9,-120.562225341797
7.500000000000000000e+00,9.5,-128.655212402344
7.500000000000000000e+00,10,-135.725280761719
7.500000000000000000e+00,-10,-96.8074722290039
8.000000000000000000e+00,-9.5,-92.1230545043945
8.000000000000000000e+00,-9,-78.2866439819336
8.000000000000000000e+00,-8.5,-52.3666801452637
8.000000000000000000e+00,-8,-24.4988994598389
8.000000000000000000e+00,-7.5,-6.93731594085693
8.000000000000000000e+00,-7,1.4207284450531
8.000000000000000000e+00,-6.5,9.04981517791748
8.000000000000000000e+00,-6,23.2742385864258
8.000000000000000000e+00,-5.5,46.1862182617188
8.000000000000000000e+00,-5,73.291015625
8.000000000000000000e+00,-4.5,96.3751907348633
8.000000000000000000e+00,-4,111.163276672363
8.000000000000000000e+00,-3.5,118.731864929199
8.000000000000000000e+00,-3,124.641059875488
8.000000000000000000e+00,-2.5,133.422302246094
8.000000000000000000e+00,-2,137.680114746094
8.000000000000000000e+00,-1.5,137.000350952148
8.000000000000000000e+00,-1,134.939178466797
8.000000000000000000e+00,-0.5,132.555999755859
8.000000000000000000e+00,0,130.012924194336
8.000000000000000000e+00,0.5,127.194664001465
8.000000000000000000e+00,1,123.63680267334
8.000000000000000000e+00,1.5,118.06324005127
8.000000000000000000e+00,2,107.834442138672
8.000000000000000000e+00,2.5,92.0211029052735
8.000000000000000000e+00,3,76.2152557373047
8.000000000000000000e+00,3.5,62.3201065063477
8.000000000000000000e+00,4,53.5327568054199
8.000000000000000000e+00,4.5,48.8937034606934
8.000000000000000000e+00,5,44.9181938171387
8.000000000000000000e+00,5.5,38.299201965332
8.000000000000000000e+00,6,22.5411376953125
8.000000000000000000e+00,6.5,-8.64207935333252
8.000000000000000000e+00,7,-44.9288711547852
8.000000000000000000e+00,7.5,-71.1887283325195
8.000000000000000000e+00,8,-87.9734954833984
8.000000000000000000e+00,8.5,-100.71475982666
8.000000000000000000e+00,9,-110.915115356445
8.000000000000000000e+00,9.5,-119.029396057129
8.000000000000000000e+00,10,-126.294769287109
8.000000000000000000e+00,-10,-83.0883865356445
8.500000000000000000e+00,-9.5,-77.8097610473633
8.500000000000000000e+00,-9,-63.0877304077148
8.500000000000000000e+00,-8.5,-36.8491630554199
8.500000000000000000e+00,-8,-9.45472717285156
8.500000000000000000e+00,-7.5,7.68262481689453
8.500000000000000000e+00,-7,15.8166561126709
8.500000000000000000e+00,-6.5,23.1179428100586
8.500000000000000000e+00,-6,36.9142723083496
8.500000000000000000e+00,-5.5,59.9138984680176
8.500000000000000000e+00,-5,88.1108016967773
8.500000000000000000e+00,-4.5,112.407936096191
8.500000000000000000e+00,-4,127.691871643066
8.500000000000000000e+00,-3.5,135.457168579102
8.500000000000000000e+00,-3,141.767623901367
8.500000000000000000e+00,-2.5,150.796966552734
8.500000000000000000e+00,-2,154.938980102539
8.500000000000000000e+00,-1.5,154.326751708984
8.500000000000000000e+00,-1,152.399673461914
8.500000000000000000e+00,-0.5,150.133026123047
8.500000000000000000e+00,0,147.661849975586
8.500000000000000000e+00,0.5,144.843994140625
8.500000000000000000e+00,1,141.1630859375
8.500000000000000000e+00,1.5,135.270385742188
8.500000000000000000e+00,2,124.506767272949
8.500000000000000000e+00,2.5,108.059623718262
8.500000000000000000e+00,3,91.3755950927734
8.500000000000000000e+00,3.5,77.6564254760742
8.500000000000000000e+00,4,69.8316802978516
8.500000000000000000e+00,4.5,65.419189453125
8.500000000000000000e+00,5,61.2236328125
8.500000000000000000e+00,5.5,54.1684837341309
8.500000000000000000e+00,6,37.8422584533691
8.500000000000000000e+00,6.5,5.8796329498291
8.500000000000000000e+00,7,-31.601692199707
8.500000000000000000e+00,7.5,-58.3258247375488
8.500000000000000000e+00,8,-75.3611755371094
8.500000000000000000e+00,8.5,-88.2253036499023
8.500000000000000000e+00,9,-98.390983581543
8.500000000000000000e+00,9.5,-106.541404724121
8.500000000000000000e+00,10,-114.03288269043
8.500000000000000000e+00,-10,-72.5551147460938
9.000000000000000000e+00,-9.5,-66.7652359008789
9.000000000000000000e+00,-9,-51.253734588623
9.000000000000000000e+00,-8.5,-24.8422985076904
9.000000000000000000e+00,-8,2.05337929725647
9.000000000000000000e+00,-7.5,18.8060302734375
9.000000000000000000e+00,-7,26.7747592926025
9.000000000000000000e+00,-6.5,33.8372917175293
9.000000000000000000e+00,-6,47.2862510681152
9.000000000000000000e+00,-5.5,70.3622360229492
9.000000000000000000e+00,-5,99.5377197265625
9.000000000000000000e+00,-4.5,125.07820892334
9.000000000000000000e+00,-4,141.001708984375
9.000000000000000000e+00,-3.5,149.123794555664
9.000000000000000000e+00,-3,155.993560791016
9.000000000000000000e+00,-2.5,165.394149780273
9.000000000000000000e+00,-2,169.591369628906
9.000000000000000000e+00,-1.5,169.239791870117
9.000000000000000000e+00,-1,167.652847290039
9.000000000000000000e+00,-0.5,165.725875854492
9.000000000000000000e+00,0,163.565734863281
9.000000000000000000e+00,0.5,160.999176025391
9.000000000000000000e+00,1,157.451965332031
9.000000000000000000e+00,1.5,151.502853393555
9.000000000000000000e+00,2,140.459899902344
9.000000000000000000e+00,2.5,123.550483703613
9.000000000000000000e+00,3,106.353507995605
9.000000000000000000e+00,3.5,93.5403137207031
9.000000000000000000e+00,4,86.8470001220703
9.000000000000000000e+00,4.5,82.8058776855469
9.000000000000000000e+00,5,78.5998992919922
9.000000000000000000e+00,5.5,71.2891998291016
9.000000000000000000e+00,6,54.507251739502
9.000000000000000000e+00,6.5,22.0581932067871
9.000000000000000000e+00,7,-16.1955509185791
9.000000000000000000e+00,7.5,-43.2414588928223
9.000000000000000000e+00,8,-60.3849868774414
9.000000000000000000e+00,8.5,-73.1904220581055
9.000000000000000000e+00,9,-83.187385559082
9.000000000000000000e+00,9.5,-91.2907638549805
9.000000000000000000e+00,10,-98.9428253173828
9.000000000000000000e+00,-10,-64.2592315673828
9.500000000000000000e+00,-9.5,-57.9544525146484
9.500000000000000000e+00,-9,-41.7095565795898
9.500000000000000000e+00,-8.5,-15.2448644638062
9.500000000000000000e+00,-8,11.1274032592773
9.500000000000000000e+00,-7.5,27.4995136260986
9.500000000000000000e+00,-7,35.303768157959
9.500000000000000000e+00,-6.5,42.1426429748535
9.500000000000000000e+00,-6,55.2444114685059
9.500000000000000000e+00,-5.5,78.303092956543
9.500000000000000000e+00,-5,108.22632598877
9.500000000000000000e+00,-4.5,134.899154663086
9.500000000000000000e+00,-4,151.47917175293
9.500000000000000000e+00,-3.5,159.983825683594
9.500000000000000000e+00,-3,167.423538208008
9.500000000000000000e+00,-2.5,177.163589477539
9.500000000000000000e+00,-2,181.42822265625
9.500000000000000000e+00,-1.5,181.365539550781
9.500000000000000000e+00,-1,180.157760620117
9.500000000000000000e+00,-0.5,178.626708984375
9.500000000000000000e+00,0,176.85221862793
9.500000000000000000e+00,0.5,174.627792358398
9.500000000000000000e+00,1,171.318939208984
9.500000000000000000e+00,1.5,165.434020996094
9.500000000000000000e+00,2,154.223739624023
9.500000000000000000e+00,2.5,136.90266418457
9.500000000000000000e+00,3,119.627372741699
9.500000000000000000e+00,3.5,108.268432617188
9.500000000000000000e+00,4,102.778350830078
9.500000000000000000e+00,4.5,99.2588958740234
9.500000000000000000e+00,5,95.2638778686523
9.500000000000000000e+00,5.5,87.907341003418
9.500000000000000000e+00,6,70.8293762207031
9.500000000000000000e+00,6.5,38.2248420715332
9.500000000000000000e+00,7,-0.260715961456299
9.500000000000000000e+00,7.5,-27.3797054290772
9.500000000000000000e+00,8,-44.379035949707
9.500000000000000000e+00,8.5,-56.8337478637695
9.500000000000000000e+00,9,-66.4142074584961
9.500000000000000000e+00,9.5,-74.2632675170898
9.500000000000000000e+00,10,-81.88037109375
9.500000000000000000e+00,-10,-57.2629585266113
1.000000000000000000e+01,-9.5,-50.4072647094727
1.000000000000000000e+01,-9,-33.4798088073731
1.000000000000000000e+01,-8.5,-7.06605720520019
1.000000000000000000e+01,-8,18.7645053863525
1.000000000000000000e+01,-7.5,34.7507667541504
1.000000000000000000e+01,-7,42.3759155273438
1.000000000000000000e+01,-6.5,48.9872589111328
1.000000000000000000e+01,-6,61.7250747680664
1.000000000000000000e+01,-5.5,84.660659790039
1.000000000000000000e+01,-5,115.069641113281
1.000000000000000000e+01,-4.5,142.704254150391
1.000000000000000000e+01,-4,159.913345336914
1.000000000000000000e+01,-3.5,168.777709960938
1.000000000000000000e+01,-3,176.73551940918
1.000000000000000000e+01,-2.5,186.711502075195
1.000000000000000000e+01,-2,190.975021362305
1.000000000000000000e+01,-1.5,191.136611938477
1.000000000000000000e+01,-1,190.244354248047
1.000000000000000000e+01,-0.5,189.052154541016
1.000000000000000000e+01,0,187.614303588867
1.000000000000000000e+01,0.5,185.68977355957
1.000000000000000000e+01,1,182.581817626953
1.000000000000000000e+01,1.5,176.730392456055
1.000000000000000000e+01,2,165.289291381836
1.000000000000000000e+01,2.5,147.471008300781
1.000000000000000000e+01,3,130.544021606445
1.000000000000000000e+01,3.5,120.875923156738
1.000000000000000000e+01,4,116.502944946289
1.000000000000000000e+01,4.5,113.539520263672
1.000000000000000000e+01,5,109.85506439209
1.000000000000000000e+01,5.5,102.550239562988
1.000000000000000000e+01,6,85.2409515380859
1.000000000000000000e+01,6.5,52.7076187133789
1.000000000000000000e+01,7,14.4925174713135
1.000000000000000000e+01,7.5,-12.4744539260864
1.000000000000000000e+01,8,-29.0974445343018
1.000000000000000000e+01,8.5,-40.9165763854981
1.000000000000000000e+01,9,-49.8188667297363
1.000000000000000000e+01,9.5,-57.1658668518066
1.000000000000000000e+01,10,-64.490737915039
